<?xml version="1.0" encoding="UTF-8" ?>
<!-- This is a WordPress eXtended RSS file generated by WordPress as an export of your site. -->
<!-- It contains information about your site's posts, pages, comments, categories, and other content. -->
<!-- You may use this file to transfer that content from one site to another. -->
<!-- This file is not intended to serve as a complete backup of your site. -->

<!-- To import this information into a WordPress site follow these steps: -->
<!-- 1. Log in to that site as an administrator. -->
<!-- 2. Go to Tools: Import in the WordPress admin panel. -->
<!-- 3. Install the "WordPress" importer from the list. -->
<!-- 4. Activate & Run Importer. -->
<!-- 5. Upload this file using the form provided on that page. -->
<!-- 6. You will first be asked to map the authors in this export file to users -->
<!--    on the site. For each author, you may choose to map to an -->
<!--    existing user on the site or to create a new user. -->
<!-- 7. WordPress will then import each of the posts, pages, comments, categories, etc. -->
<!--    contained in this file into your site. -->

	<!-- generator="WordPress/5.9.3" created="2022-06-27 12:33" -->
<rss version="2.0" xmlns:excerpt="http://wordpress.org/export/1.2/excerpt/" xmlns:content="http://purl.org/rss/1.0/modules/content/" xmlns:wfw="http://wellformedweb.org/CommentAPI/" xmlns:dc="http://purl.org/dc/elements/1.1/" xmlns:wp="http://wordpress.org/export/1.2/">

<channel>
	<title>Electro</title>
	<link>https://demo.madrasthemes.com/electro-elementor</link>
	<description>Electronics Store WooCommerce Theme</description>
	<pubDate>Mon, 27 Jun 2022 12:33:06 +0000</pubDate>
	<language>en-US</language>
	<wp:wxr_version>1.2</wp:wxr_version>
	<wp:base_site_url>https://demo.madrasthemes.com/</wp:base_site_url>
	<wp:base_blog_url>https://demo.madrasthemes.com/electro-elementor</wp:base_blog_url>

		<wp:author><wp:author_id>6</wp:author_id><wp:author_login><![CDATA[abbas]]></wp:author_login><wp:author_email><![CDATA[abbas@transvelo.com]]></wp:author_email><wp:author_display_name><![CDATA[abbas]]></wp:author_display_name><wp:author_first_name><![CDATA[]]></wp:author_first_name><wp:author_last_name><![CDATA[]]></wp:author_last_name></wp:author>
	<wp:author><wp:author_id>1208</wp:author_id><wp:author_login><![CDATA[haled]]></wp:author_login><wp:author_email><![CDATA[haled@transvelo.com]]></wp:author_email><wp:author_display_name><![CDATA[haled]]></wp:author_display_name><wp:author_first_name><![CDATA[]]></wp:author_first_name><wp:author_last_name><![CDATA[]]></wp:author_last_name></wp:author>

				
	<generator>https://wordpress.org/?v=5.9.3</generator>

		
					
					
					
					
					
					
					
					
					
					
					
					
					
					
					<item>
		<title><![CDATA[Home v13 elementor]]></title>
		<link>https://demo.madrasthemes.com/electro-elementor/?elementor_library=home-v13-el-template</link>
		<pubDate>Mon, 27 Jun 2022 06:09:23 +0000</pubDate>
		<dc:creator><![CDATA[haled]]></dc:creator>
		<guid isPermaLink="false">https://demo.madrasthemes.com/electro-elementor/?elementor_library=home-v13-el</guid>
		<description/>
		<content:encoded><![CDATA[<h1>OVER <strong style="font-weight: 700">1 MILION</strong></h1>		
			<p>OF COOL ELECTRONICS AND TECH GADGETS OUT THERE </p>		
				<h3>
						Hot Products Today					
				</h3>
					<section>
												<ul data-view="grid" data-bs-toggle="regular-products"><li>
	<a href="https://demo.madrasthemes.com/electro-elementor/product-category/accessories/headphone-cases/" rel="tag">Headphone Cases</a><a href="https://demo.madrasthemes.com/electro-elementor/product/universal-headphones-case-in-black/"><h2>Universal Headphones Case in Black</h2><img width="300" height="300" src="https://demo.madrasthemes.com/electro-elementor/wp-content/uploads/sites/51/2018/10/electro-placeholder-300x300.png" alt="" loading="lazy" /></a><!-- /.product-loop-header --><a href="https://demo.madrasthemes.com/electro-elementor/product-category/accessories/headphone-cases/" rel="tag">Headphone Cases</a><a href="https://demo.madrasthemes.com/electro-elementor/product/universal-headphones-case-in-black/"><h2>Universal Headphones Case in Black</h2>		
			<strong>0</strong> out of 5 (0)
			<ul>
<li>Brand new and high quality</li>
<li>Made of supreme quality, durable EVA crush resistant, anti-shock material.</li>
<li>Soft inner cloth lining, one mesh pocket inside.</li>
<li>Compact and functional hard case keeps items safe and extremely portable.</li>
<li>Force Touch trackpad (13-inch model)</li>
</ul>
				SKU: 5487FB8/28</a><!-- /.product-loop-body -->
	<bdi>&pound;159.00</bdi>
<a href="?add-to-cart=2440" data-quantity="1" data-product_id="2440" data-product_sku="5487FB8/28" aria-label="Add &ldquo;Universal Headphones Case in Black&rdquo; to your cart" rel="nofollow">Add to cart</a><!-- /.price-add-to-cart -->
			<!-- ADD TO WISHLIST -->
	<a
		href="?add_to_wishlist=2440&#038;_wpnonce=29f2b6f3e8"
		class="add_to_wishlist single_add_to_wishlist"
		data-product-id="2440"
		data-product-type="simple"
		data-original-product-id="2440"
		data-title="Wishlist"
		rel="nofollow"
	>
				Wishlist
	</a>
			<!-- COUNT TEXT -->
<!-- /.product-loop-footer --><!-- /.product-inner --><!-- /.product-outer --></li>
<li>
	<a href="https://demo.madrasthemes.com/electro-elementor/product-category/accessories/headphone-accessories/" rel="tag">Headphone Accessories</a><a href="https://demo.madrasthemes.com/electro-elementor/product/headphones-usb-wires/"><h2>Headphones USB Wires</h2><img width="300" height="300" src="https://demo.madrasthemes.com/electro-elementor/wp-content/uploads/sites/51/2018/10/electro-placeholder-300x300.png" alt="" loading="lazy" /></a><!-- /.product-loop-header --><a href="https://demo.madrasthemes.com/electro-elementor/product-category/accessories/headphone-accessories/" rel="tag">Headphone Accessories</a><a href="https://demo.madrasthemes.com/electro-elementor/product/headphones-usb-wires/"><h2>Headphones USB Wires</h2>		
			<strong>0</strong> out of 5 (0)
			<ul>
<li>High-fidelity stereo music and clear speech</li>
<li>100% Stable and Comfortable when exercising, running and other outdoor sports</li>
<li>Up to 6 hours music play</li>
<li>7 hours talking time</li>
<li>Force Touch trackpad (13-inch model)</li>
</ul>
				SKU: 5487FB8/27</a><!-- /.product-loop-body -->
	<bdi>&pound;50.00</bdi>
<a href="?add-to-cart=2441" data-quantity="1" data-product_id="2441" data-product_sku="5487FB8/27" aria-label="Add &ldquo;Headphones USB Wires&rdquo; to your cart" rel="nofollow">Add to cart</a><!-- /.price-add-to-cart -->
			<!-- ADD TO WISHLIST -->
	<a
		href="?add_to_wishlist=2441&#038;_wpnonce=29f2b6f3e8"
		class="add_to_wishlist single_add_to_wishlist"
		data-product-id="2441"
		data-product-type="simple"
		data-original-product-id="2441"
		data-title="Wishlist"
		rel="nofollow"
	>
				Wishlist
	</a>
			<!-- COUNT TEXT -->
<!-- /.product-loop-footer --><!-- /.product-inner --><!-- /.product-outer --></li>
</ul>
					</section>
																<a href="#">
							<img width="690" height="152" src="https://demo.madrasthemes.com/electro-elementor/wp-content/uploads/sites/51/2022/05/690x152.png" alt="" loading="lazy" srcset="https://demo.madrasthemes.com/electro-elementor/wp-content/uploads/sites/51/2022/05/690x152.png 690w, https://demo.madrasthemes.com/electro-elementor/wp-content/uploads/sites/51/2022/05/690x152-300x66.png 300w, https://demo.madrasthemes.com/electro-elementor/wp-content/uploads/sites/51/2022/05/690x152-600x132.png 600w" sizes="(max-width: 690px) 100vw, 690px" />								</a>
																<a href="#">
							<img width="335" height="152" src="https://demo.madrasthemes.com/electro-elementor/wp-content/uploads/sites/51/2022/05/335x152.png" alt="" loading="lazy" srcset="https://demo.madrasthemes.com/electro-elementor/wp-content/uploads/sites/51/2022/05/335x152.png 335w, https://demo.madrasthemes.com/electro-elementor/wp-content/uploads/sites/51/2022/05/335x152-300x136.png 300w" sizes="(max-width: 335px) 100vw, 335px" />								</a>
																<a href="#">
							<img width="335" height="152" src="https://demo.madrasthemes.com/electro-elementor/wp-content/uploads/sites/51/2022/05/335x152.png" alt="" loading="lazy" srcset="https://demo.madrasthemes.com/electro-elementor/wp-content/uploads/sites/51/2022/05/335x152.png 335w, https://demo.madrasthemes.com/electro-elementor/wp-content/uploads/sites/51/2022/05/335x152-300x136.png 300w" sizes="(max-width: 335px) 100vw, 335px" />								</a>
																<a href="#">
							<img width="335" height="152" src="https://demo.madrasthemes.com/electro-elementor/wp-content/uploads/sites/51/2022/05/335x152.png" alt="" loading="lazy" srcset="https://demo.madrasthemes.com/electro-elementor/wp-content/uploads/sites/51/2022/05/335x152.png 335w, https://demo.madrasthemes.com/electro-elementor/wp-content/uploads/sites/51/2022/05/335x152-300x136.png 300w" sizes="(max-width: 335px) 100vw, 335px" />								</a>
																<a href="#">
							<img width="335" height="152" src="https://demo.madrasthemes.com/electro-elementor/wp-content/uploads/sites/51/2022/05/335x152.png" alt="" loading="lazy" srcset="https://demo.madrasthemes.com/electro-elementor/wp-content/uploads/sites/51/2022/05/335x152.png 335w, https://demo.madrasthemes.com/electro-elementor/wp-content/uploads/sites/51/2022/05/335x152-300x136.png 300w" sizes="(max-width: 335px) 100vw, 335px" />								</a>
																<a href="#">
							<img width="335" height="152" src="https://demo.madrasthemes.com/electro-elementor/wp-content/uploads/sites/51/2022/05/335x152.png" alt="" loading="lazy" srcset="https://demo.madrasthemes.com/electro-elementor/wp-content/uploads/sites/51/2022/05/335x152.png 335w, https://demo.madrasthemes.com/electro-elementor/wp-content/uploads/sites/51/2022/05/335x152-300x136.png 300w" sizes="(max-width: 335px) 100vw, 335px" />								</a>
																<a href="#">
							<img width="335" height="152" src="https://demo.madrasthemes.com/electro-elementor/wp-content/uploads/sites/51/2022/05/335x152.png" alt="" loading="lazy" srcset="https://demo.madrasthemes.com/electro-elementor/wp-content/uploads/sites/51/2022/05/335x152.png 335w, https://demo.madrasthemes.com/electro-elementor/wp-content/uploads/sites/51/2022/05/335x152-300x136.png 300w" sizes="(max-width: 335px) 100vw, 335px" />								</a>
	                Assortment
	                <a href="#"></a>
	        	<ul id="menu-vertical-menu"><li id="menu-item-4152"><a title="Value of the Day" href="https://demo.madrasthemes.com/electro-elementor/home-v2/">Value of the Day</a></li>
<li id="menu-item-4153"><a title="Top 100 Offers" href="https://demo.madrasthemes.com/electro-elementor/home-v3/">Top 100 Offers</a></li>
<li id="menu-item-4154"><a title="New Arrivals" href="https://demo.madrasthemes.com/electro-elementor/home-v3-full-color-background/">New Arrivals</a></li>
<li id="menu-item-4777"><a title="Computers &amp; Accessories" href="#" data-bs-toggle="dropdown-hover" aria-haspopup="true">Computers &#038; Accessories</a>
<ul role="menu">
	<li id="menu-item-4159"><p>[vc_row el_class="bg-yamm-content bg-yamm-content-bottom bg-yamm-content-right"][vc_column][vc_single_image image="5089" img_size="full"][/vc_column][/vc_row][vc_row][vc_column width="1/2"][vc_column_text]</p>
<ul>
<li>Computers &amp; Accessories</li>
<li><a href="#">All Computers &amp; Accessories</a></li>
<li><a href="#">Laptops, Desktops &amp; Monitors</a></li>
<li><a href="#">Printers &amp; Ink</a></li>
<li><a href="#">Networking &amp; Internet Devices</a></li>
<li><a href="#">Computer Accessories</a></li>
<li><a href="#">Software</a></li>
<li></li>
<li><a href="#">All ElectronicsDiscover more products</a></li>
</ul>
<p>[/vc_column_text][/vc_column][vc_column width="1/2"][vc_column_text]</p>
<ul>
<li>Office &amp; Stationery</li>
<li><a href="#">All Office &amp; Stationery</a></li>
</ul>
<p>[/vc_column_text][/vc_column][/vc_row]</p>
</li>
</ul>
</li>
<li id="menu-item-4778"><a title="Cameras, Audio &amp; Video" href="#" data-bs-toggle="dropdown-hover" aria-haspopup="true">Cameras, Audio &#038; Video</a>
<ul role="menu">
	<li id="menu-item-4158"><p>[vc_row el_class="bg-yamm-content"][vc_column][vc_single_image image="5089" img_size="full"][/vc_column][/vc_row][vc_row][vc_column width="1/2"][vc_column_text]</p>
<ul>
<li><a href="#">Cameras &amp; Photography</a></li>
<li><a href="#">Lenses</a></li>
<li><a href="#">Camera Accessories</a></li>
<li><a href="#">Security &amp; Surveillance</a></li>
<li><a href="#">Binoculars &amp; Telescopes</a></li>
<li><a href="#">Camcorders</a></li>
<li></li>
<li><a href="#">All ElectronicsDiscover more products</a></li>
</ul>
<p>[/vc_column_text][/vc_column][vc_column width="1/2"][vc_column_text]</p>
<ul>
<li>Audio &amp; Video</li>
<li><a href="#">All Audio &amp; Video</a></li>
<li><a href="#">Headphones &amp; Speakers</a></li>
</ul>
<p>[/vc_column_text][/vc_column][/vc_row]</p>
</li>
</ul>
</li>
<li id="menu-item-4779"><a title="Mobiles &amp; Tablets" href="#" data-bs-toggle="dropdown-hover" aria-haspopup="true">Mobiles &#038; Tablets</a>
<ul role="menu">
	<li id="menu-item-4160"><p>[vc_row el_class="bg-yamm-content"][vc_column][vc_single_image image="5021" img_size="full" el_class="bg-yamm-extend-outside"][/vc_column][/vc_row][vc_row][vc_column width="1/2"][vc_column_text]</p>
<ul>
<li>Mobiles &amp; Tablets</li>
<li><a href="#">All Mobile Phones</a></li>
<li><a href="#">Smartphones</a></li>
<li><a href="#">Refurbished Mobiles</a></li>
<li></li>
<li><a href="#">All Mobile Accessories</a></li>
<li><a href="#">Cases &amp; Covers</a></li>
<li></li>
<li><a href="#">All ElectronicsDiscover more products</a></li>
</ul>
<p>[/vc_column_text][/vc_column][vc_column width="1/2"][vc_column_text]</p>
<ul>
<li></li>
<li><a href="#">All Tablets</a></li>
<li><a href="#">Tablet Accessories</a></li>
</ul>
<p>[/vc_column_text][/vc_column][/vc_row]</p>
</li>
</ul>
</li>
<li id="menu-item-4780"><a title="Movies, Music &amp; Video Games" href="#" data-bs-toggle="dropdown-hover" aria-haspopup="true">Movies, Music &#038; Video Games</a>
<ul role="menu">
	<li id="menu-item-4161"><p>[vc_row el_class="bg-yamm-content"][vc_column][vc_single_image image="5089" img_size="full"][/vc_column][/vc_row][vc_row][vc_column width="1/2"][vc_column_text]</p>
<ul>
<li>Movies &amp; TV Shows</li>
<li><a href="#">All Movies &amp; TV Shows</a></li>
<li><a href="#">All English</a></li>
<li><a href="#">All Hindi</a></li>
<li></li>
<li>Video Games</li>
<li><a href="#">PC Games</a></li>
<li><a href="#">Consoles</a></li>
<li><a href="#">Accessories</a></li>
</ul>
<p>[/vc_column_text][/vc_column][vc_column width="1/2"][vc_column_text]</p>
<ul>
<li>Music</li>
<li><a href="#">All Music</a></li>
<li><a href="#">Indian Classical</a></li>
<li><a href="#">Musical Instruments</a></li>
</ul>
<p>[/vc_column_text][/vc_column][/vc_row]</p>
</li>
</ul>
</li>
<li id="menu-item-4781"><a title="Watches &amp; Eyewear" href="#" data-bs-toggle="dropdown-hover" aria-haspopup="true">Watches &#038; Eyewear</a>
<ul role="menu">
	<li id="menu-item-4163"><p>[vc_row el_class="bg-yamm-content"][vc_column][vc_single_image image="5089" img_size="full"][/vc_column][/vc_row][vc_row][vc_column width="1/2"][vc_column_text]</p>
<ul>
<li>Watches</li>
<li><a href="#">All Watches</a></li>
<li><a href="#">Men's Watches</a></li>
<li><a href="#">Women's Watches</a></li>
<li><a href="#">Premium Watches</a></li>
<li><a href="#">Deals on Watches</a></li>
</ul>
<p>[/vc_column_text][/vc_column][vc_column width="1/2"][vc_column_text]</p>
<ul>
<li>Eyewear</li>
<li><a href="#">Men's Sunglasses</a></li>
</ul>
<p>[/vc_column_text][/vc_column][/vc_row]</p>
</li>
</ul>
</li>
<li id="menu-item-4782"><a title="Car, Motorbike &amp; Industrial" href="#" data-bs-toggle="dropdown-hover" aria-haspopup="true">Car, Motorbike &#038; Industrial</a>
<ul role="menu">
	<li id="menu-item-4164"><p>[vc_row el_class="bg-yamm-content"][vc_column][vc_single_image image="5089" img_size="full"][/vc_column][/vc_row][vc_row][vc_column width="1/2"][vc_column_text]</p>
<ul>
<li>Car &amp; Motorbike</li>
<li><a href="#">All Cars &amp; Bikes</a></li>
<li><a href="#">Car &amp; Bike Care</a></li>
<li><a href="#">Lubricants</a></li>
<li></li>
<li>Shop for Bike</li>
<li><a href="#">Helmets &amp; Gloves</a></li>
<li><a href="#">Bike Parts</a></li>
</ul>
<p>[/vc_column_text][/vc_column][vc_column width="1/2"][vc_column_text]</p>
<ul>
<li>Industrial Supplies</li>
<li><a href="#">All Industrial Supplies</a></li>
<li><a href="#">Lab &amp; Scientific</a></li>
</ul>
<p>[/vc_column_text][/vc_column][/vc_row]</p>
</li>
</ul>
</li>
<li id="menu-item-4783"><a title="TV &amp; Audio" href="#" data-bs-toggle="dropdown-hover" aria-haspopup="true">TV &#038; Audio</a>
<ul role="menu">
	<li id="menu-item-4162"><p>[vc_row el_class="bg-yamm-content"][vc_column][vc_single_image image="5089" img_size="full"][/vc_column][/vc_row][vc_row][vc_column width="1/2"][vc_column_text]</p>
<ul>
<li>Audio &amp; Video</li>
<li><a href="#">All Audio &amp; Video</a></li>
<li><a href="#">Televisions</a></li>
<li><a href="#">Headphones</a></li>
<li><a href="#">Speakers</a></li>
<li><a href="#">Audio &amp; Video Accessories</a></li>
<li></li>
<li><a href="#">Electro Home AppliancesAvailable in select cities</a></li>
</ul>
<p>[/vc_column_text][/vc_column][vc_column width="1/2"][vc_column_text]</p>
<ul>
<li>Music</li>
<li><a href="#">Televisions</a></li>
<li><a href="#">Headphones</a></li>
</ul>
<p>[/vc_column_text][/vc_column][/vc_row]</p>
</li>
</ul>
</li>
</ul>	        
																<a href="#">
							<img width="270" height="428" src="https://demo.madrasthemes.com/electro-elementor/wp-content/uploads/sites/51/2022/05/270x428.png" alt="" loading="lazy" srcset="https://demo.madrasthemes.com/electro-elementor/wp-content/uploads/sites/51/2022/05/270x428.png 270w, https://demo.madrasthemes.com/electro-elementor/wp-content/uploads/sites/51/2022/05/270x428-189x300.png 189w" sizes="(max-width: 270px) 100vw, 270px" />								</a>
					<section>
													<header>
								<h2>Value of the Day</h2>
							</header>
												<ul data-view="grid" data-bs-toggle="regular-products"><li>
	<a href="https://demo.madrasthemes.com/electro-elementor/product-category/smart-phones-tablets/smartphones/" rel="tag">Smartphones</a><a href="https://demo.madrasthemes.com/electro-elementor/product/notebook-black-spire-v-nitro-vn7-591g/"><h2>Notebook Black Spire V Nitro  VN7-591G</h2><img width="300" height="300" src="https://demo.madrasthemes.com/electro-elementor/wp-content/uploads/sites/51/2018/10/electro-placeholder-300x300.png" alt="" loading="lazy" /></a><!-- /.product-loop-header --><a href="https://demo.madrasthemes.com/electro-elementor/product-category/smart-phones-tablets/smartphones/" rel="tag">Smartphones</a><a href="https://demo.madrasthemes.com/electro-elementor/product/notebook-black-spire-v-nitro-vn7-591g/"><h2>Notebook Black Spire V Nitro  VN7-591G</h2>		
			Rated <strong>5.00</strong> out of 5 (3)
			<ul>
<li>4.5 inch HD Screen</li>
<li>Android 4.4 KitKat OS</li>
<li>1.4 GHz Quad Core™ Processor</li>
<li>20 MP front Camera</li>
</ul>
				SKU: 5487FB8/22</a><!-- /.product-loop-body -->
	<ins><bdi>&pound;1,999.00</bdi></ins> <del><bdi>&pound;2,299.00</bdi></del>
<a href="https://demo.madrasthemes.com/electro-elementor/product/notebook-black-spire-v-nitro-vn7-591g/" data-quantity="1" data-product_id="2933" data-product_sku="5487FB8/22" aria-label="Read more about &ldquo;Notebook Black Spire V Nitro  VN7-591G&rdquo;" rel="nofollow">Read more</a><!-- /.price-add-to-cart -->
			<!-- ADD TO WISHLIST -->
	<a
		href="?add_to_wishlist=2933&#038;_wpnonce=29f2b6f3e8"
		class="add_to_wishlist single_add_to_wishlist"
		data-product-id="2933"
		data-product-type="simple"
		data-original-product-id="2933"
		data-title="Wishlist"
		rel="nofollow"
	>
				Wishlist
	</a>
			<!-- COUNT TEXT -->
<!-- /.product-loop-footer --><!-- /.product-inner --><!-- /.product-outer --></li>
<li>
	<a href="https://demo.madrasthemes.com/electro-elementor/product-category/smart-phones-tablets/smartphones/" rel="tag">Smartphones</a><a href="https://demo.madrasthemes.com/electro-elementor/product/tablet-thin-elitebook-revolve-810-g6/"><h2>Tablet Thin EliteBook  Revolve 810 G6</h2><img width="300" height="300" src="https://demo.madrasthemes.com/electro-elementor/wp-content/uploads/sites/51/2018/10/electro-placeholder-300x300.png" alt="" loading="lazy" /></a><!-- /.product-loop-header --><a href="https://demo.madrasthemes.com/electro-elementor/product-category/smart-phones-tablets/smartphones/" rel="tag">Smartphones</a><a href="https://demo.madrasthemes.com/electro-elementor/product/tablet-thin-elitebook-revolve-810-g6/"><h2>Tablet Thin EliteBook  Revolve 810 G6</h2>		
			Rated <strong>4.33</strong> out of 5 (3)
			<ul>
<li>4.7 inch 720p Screen</li>
<li>Android 6.0 OS</li>
<li>2.4 GHz Quad Core™ Processor</li>
<li>23 MP front Camera</li>
</ul>
				SKU: 5487FB8/21</a><!-- /.product-loop-body -->
	<bdi>&pound;1,300.00</bdi>
<a href="?add-to-cart=2932" data-quantity="1" data-product_id="2932" data-product_sku="5487FB8/21" aria-label="Add &ldquo;Tablet Thin EliteBook  Revolve 810 G6&rdquo; to your cart" rel="nofollow">Add to cart</a><!-- /.price-add-to-cart -->
			<!-- ADD TO WISHLIST -->
	<a
		href="?add_to_wishlist=2932&#038;_wpnonce=29f2b6f3e8"
		class="add_to_wishlist single_add_to_wishlist"
		data-product-id="2932"
		data-product-type="simple"
		data-original-product-id="2932"
		data-title="Wishlist"
		rel="nofollow"
	>
				Wishlist
	</a>
			<!-- COUNT TEXT -->
<!-- /.product-loop-footer --><!-- /.product-inner --><!-- /.product-outer --></li>
<li>
	<a href="https://demo.madrasthemes.com/electro-elementor/product-category/smart-phones-tablets/smartphones/" rel="tag">Smartphones</a><a href="https://demo.madrasthemes.com/electro-elementor/product/notebook-widescreen-z51-70-40k6013upb/"><h2>Notebook Widescreen Z51-70  40K6013UPB</h2><img width="300" height="300" src="https://demo.madrasthemes.com/electro-elementor/wp-content/uploads/sites/51/2018/10/electro-placeholder-300x300.png" alt="" loading="lazy" /></a><!-- /.product-loop-header --><a href="https://demo.madrasthemes.com/electro-elementor/product-category/smart-phones-tablets/smartphones/" rel="tag">Smartphones</a><a href="https://demo.madrasthemes.com/electro-elementor/product/notebook-widescreen-z51-70-40k6013upb/"><h2>Notebook Widescreen Z51-70  40K6013UPB</h2>		
			Rated <strong>4.33</strong> out of 5 (3)
			<ul>
<li>4.5 inch HD Screen</li>
<li>Android 4.4 KitKat OS</li>
<li>1.4 GHz Quad Core™ Processor</li>
<li>3GB Ram</li>
</ul>
				SKU: 5487FB8/18</a><!-- /.product-loop-body -->
	<bdi>&pound;1,100.00</bdi>
<a href="?add-to-cart=2931" data-quantity="1" data-product_id="2931" data-product_sku="5487FB8/18" aria-label="Add &ldquo;Notebook Widescreen Z51-70  40K6013UPB&rdquo; to your cart" rel="nofollow">Add to cart</a><!-- /.price-add-to-cart -->
			<!-- ADD TO WISHLIST -->
	<a
		href="?add_to_wishlist=2931&#038;_wpnonce=29f2b6f3e8"
		class="add_to_wishlist single_add_to_wishlist"
		data-product-id="2931"
		data-product-type="simple"
		data-original-product-id="2931"
		data-title="Wishlist"
		rel="nofollow"
	>
				Wishlist
	</a>
			<!-- COUNT TEXT -->
<!-- /.product-loop-footer --><!-- /.product-inner --><!-- /.product-outer --></li>
<li>
	<a href="https://demo.madrasthemes.com/electro-elementor/product-category/smart-phones-tablets/smartphones/" rel="tag">Smartphones</a><a href="https://demo.madrasthemes.com/electro-elementor/product/notebook-purple-g952vx-t7008t/"><h2>Notebook Purple G952VX-T7008T</h2><img width="300" height="300" src="https://demo.madrasthemes.com/electro-elementor/wp-content/uploads/sites/51/2018/10/electro-placeholder-300x300.png" alt="" loading="lazy" /></a><!-- /.product-loop-header --><a href="https://demo.madrasthemes.com/electro-elementor/product-category/smart-phones-tablets/smartphones/" rel="tag">Smartphones</a><a href="https://demo.madrasthemes.com/electro-elementor/product/notebook-purple-g952vx-t7008t/"><h2>Notebook Purple G952VX-T7008T</h2>		
			Rated <strong>3.67</strong> out of 5 (3)
			<ul>
<li>5 inch HD Screen</li>
<li>Android 6.2 Lolipop OS</li>
<li>3.4 GHz Quad Core™ Processor</li>
<li>18 MP front Camera</li>
</ul>
				SKU: 5487FB8/17</a><!-- /.product-loop-body -->
	<bdi>&pound;2,780.00</bdi>
<a href="?add-to-cart=2930" data-quantity="1" data-product_id="2930" data-product_sku="5487FB8/17" aria-label="Add &ldquo;Notebook Purple G952VX-T7008T&rdquo; to your cart" rel="nofollow">Add to cart</a><!-- /.price-add-to-cart -->
			<!-- ADD TO WISHLIST -->
	<a
		href="?add_to_wishlist=2930&#038;_wpnonce=29f2b6f3e8"
		class="add_to_wishlist single_add_to_wishlist"
		data-product-id="2930"
		data-product-type="simple"
		data-original-product-id="2930"
		data-title="Wishlist"
		rel="nofollow"
	>
				Wishlist
	</a>
			<!-- COUNT TEXT -->
<!-- /.product-loop-footer --><!-- /.product-inner --><!-- /.product-outer --></li>
<li>
	<a href="https://demo.madrasthemes.com/electro-elementor/product-category/smart-phones-tablets/smartphones/" rel="tag">Smartphones</a><a href="https://demo.madrasthemes.com/electro-elementor/product/laptop-yoga-21-80jh0035ge-w8-1/"><h2>Laptop Yoga 21 80JH0035GE  W8.1</h2><img width="300" height="300" src="https://demo.madrasthemes.com/electro-elementor/wp-content/uploads/sites/51/2018/10/electro-placeholder-300x300.png" alt="" loading="lazy" /></a><!-- /.product-loop-header --><a href="https://demo.madrasthemes.com/electro-elementor/product-category/smart-phones-tablets/smartphones/" rel="tag">Smartphones</a><a href="https://demo.madrasthemes.com/electro-elementor/product/laptop-yoga-21-80jh0035ge-w8-1/"><h2>Laptop Yoga 21 80JH0035GE  W8.1</h2>		
			Rated <strong>4.67</strong> out of 5 (3)
			<ul>
<li>4.9 inch HD Screen</li>
<li>Android 4.4 KitKat OS</li>
<li>3 GHz  Processor</li>
<li>20 MP front Camera</li>
</ul>
				SKU: 5487FB8/16</a><!-- /.product-loop-body -->
	<bdi>&pound;200.00</bdi>
<a href="?add-to-cart=2929" data-quantity="1" data-product_id="2929" data-product_sku="5487FB8/16" aria-label="Add &ldquo;Laptop Yoga 21 80JH0035GE  W8.1&rdquo; to your cart" rel="nofollow">Add to cart</a><!-- /.price-add-to-cart -->
			<!-- ADD TO WISHLIST -->
	<a
		href="?add_to_wishlist=2929&#038;_wpnonce=29f2b6f3e8"
		class="add_to_wishlist single_add_to_wishlist"
		data-product-id="2929"
		data-product-type="simple"
		data-original-product-id="2929"
		data-title="Wishlist"
		rel="nofollow"
	>
				Wishlist
	</a>
			<!-- COUNT TEXT -->
<!-- /.product-loop-footer --><!-- /.product-inner --><!-- /.product-outer --></li>
<li>
	<a href="https://demo.madrasthemes.com/electro-elementor/product-category/smart-phones-tablets/smartphones/" rel="tag">Smartphones</a><a href="https://demo.madrasthemes.com/electro-elementor/product/smartphone-6s-128gb-lte/"><h2>Smartphone 6S 128GB LTE</h2><img width="300" height="300" src="https://demo.madrasthemes.com/electro-elementor/wp-content/uploads/sites/51/2018/10/electro-placeholder-300x300.png" alt="" loading="lazy" /></a><!-- /.product-loop-header --><a href="https://demo.madrasthemes.com/electro-elementor/product-category/smart-phones-tablets/smartphones/" rel="tag">Smartphones</a><a href="https://demo.madrasthemes.com/electro-elementor/product/smartphone-6s-128gb-lte/"><h2>Smartphone 6S 128GB LTE</h2>		
			<strong>0</strong> out of 5 (0)
			<ul>
<li>4.5 inch HD Screen</li>
<li>Android 4.4 KitKat OS</li>
<li>1.4 GHz Quad Core™ Processor</li>
<li>20 MP front Camera</li>
</ul>
				SKU: 5487FB8/15</a><!-- /.product-loop-body -->
	<bdi>&pound;780.00</bdi>
<a href="https://demo.madrasthemes.com/electro-elementor/product/smartphone-6s-128gb-lte/" data-quantity="1" data-product_id="2928" data-product_sku="5487FB8/15" aria-label="Read more about &ldquo;Smartphone 6S 128GB LTE&rdquo;" rel="nofollow">Read more</a><!-- /.price-add-to-cart -->
			<!-- ADD TO WISHLIST -->
	<a
		href="?add_to_wishlist=2928&#038;_wpnonce=29f2b6f3e8"
		class="add_to_wishlist single_add_to_wishlist"
		data-product-id="2928"
		data-product-type="simple"
		data-original-product-id="2928"
		data-title="Wishlist"
		rel="nofollow"
	>
				Wishlist
	</a>
			<!-- COUNT TEXT -->
<!-- /.product-loop-footer --><!-- /.product-inner --><!-- /.product-outer --></li>
<li>
	<a href="https://demo.madrasthemes.com/electro-elementor/product-category/smart-phones-tablets/smartphones/" rel="tag">Smartphones</a><a href="https://demo.madrasthemes.com/electro-elementor/product/ultrabook-ux605ca-fc050t/"><h2>Ultrabook UX605CA-FC050T</h2><img width="300" height="300" src="https://demo.madrasthemes.com/electro-elementor/wp-content/uploads/sites/51/2018/10/electro-placeholder-300x300.png" alt="" loading="lazy" /></a><!-- /.product-loop-header --><a href="https://demo.madrasthemes.com/electro-elementor/product-category/smart-phones-tablets/smartphones/" rel="tag">Smartphones</a><a href="https://demo.madrasthemes.com/electro-elementor/product/ultrabook-ux605ca-fc050t/"><h2>Ultrabook UX605CA-FC050T</h2>		
			<strong>0</strong> out of 5 (0)
			<ul>
<li>4.5 inch HD Screen</li>
<li>Android 4.4 KitKat OS</li>
<li>1.4 GHz Quad Core™ Processor</li>
<li>20 MP front Camera</li>
</ul>
				SKU: 5487FB8/14</a><!-- /.product-loop-body -->
	<bdi>&pound;1,218.00</bdi>
<a href="?add-to-cart=2927" data-quantity="1" data-product_id="2927" data-product_sku="5487FB8/14" aria-label="Add &ldquo;Ultrabook UX605CA-FC050T&rdquo; to your cart" rel="nofollow">Add to cart</a><!-- /.price-add-to-cart -->
			<!-- ADD TO WISHLIST -->
	<a
		href="?add_to_wishlist=2927&#038;_wpnonce=29f2b6f3e8"
		class="add_to_wishlist single_add_to_wishlist"
		data-product-id="2927"
		data-product-type="simple"
		data-original-product-id="2927"
		data-title="Wishlist"
		rel="nofollow"
	>
				Wishlist
	</a>
			<!-- COUNT TEXT -->
<!-- /.product-loop-footer --><!-- /.product-inner --><!-- /.product-outer --></li>
<li>
	<a href="https://demo.madrasthemes.com/electro-elementor/product-category/smart-phones-tablets/smartphones/" rel="tag">Smartphones</a><a href="https://demo.madrasthemes.com/electro-elementor/product/smartphone-6s-64gb-lte/"><h2>Smartphone 6S 64GB LTE</h2><img width="300" height="300" src="https://demo.madrasthemes.com/electro-elementor/wp-content/uploads/sites/51/2018/10/electro-placeholder-300x300.png" alt="" loading="lazy" /></a><!-- /.product-loop-header --><a href="https://demo.madrasthemes.com/electro-elementor/product-category/smart-phones-tablets/smartphones/" rel="tag">Smartphones</a><a href="https://demo.madrasthemes.com/electro-elementor/product/smartphone-6s-64gb-lte/"><h2>Smartphone 6S 64GB LTE</h2>		
			Rated <strong>4.33</strong> out of 5 (3)
			<ul>
<li>4.5 inch HD Screen</li>
<li>Android 4.4 KitKat OS</li>
<li>1.4 GHz Quad Core™ Processor</li>
<li>20 MP front Camera</li>
</ul>
				SKU: 5487FB8/19</a><!-- /.product-loop-body -->
	<bdi>&pound;1,215.00</bdi>
<a href="https://demo.madrasthemes.com/electro-elementor/product/smartphone-6s-64gb-lte/" data-quantity="1" data-product_id="2926" data-product_sku="5487FB8/19" aria-label="Read more about &ldquo;Smartphone 6S 64GB LTE&rdquo;" rel="nofollow">Read more</a><!-- /.price-add-to-cart -->
			<!-- ADD TO WISHLIST -->
	<a
		href="?add_to_wishlist=2926&#038;_wpnonce=29f2b6f3e8"
		class="add_to_wishlist single_add_to_wishlist"
		data-product-id="2926"
		data-product-type="simple"
		data-original-product-id="2926"
		data-title="Wishlist"
		rel="nofollow"
	>
				Wishlist
	</a>
			<!-- COUNT TEXT -->
<!-- /.product-loop-footer --><!-- /.product-inner --><!-- /.product-outer --></li>
<li>
	<a href="https://demo.madrasthemes.com/electro-elementor/product-category/laptops-computers/mac-computers-laptops/" rel="tag">Mac Computers</a><a href="https://demo.madrasthemes.com/electro-elementor/product/apple-macbook-pro-mf841hna-13-inch-laptop/"><h2>Apple MacBook Pro MF841HN/A 13-inch Laptop</h2><img width="300" height="300" src="https://demo.madrasthemes.com/electro-elementor/wp-content/uploads/sites/51/2018/10/electro-placeholder-300x300.png" alt="" loading="lazy" /></a><!-- /.product-loop-header --><a href="https://demo.madrasthemes.com/electro-elementor/product-category/laptops-computers/mac-computers-laptops/" rel="tag">Mac Computers</a><a href="https://demo.madrasthemes.com/electro-elementor/product/apple-macbook-pro-mf841hna-13-inch-laptop/"><h2>Apple MacBook Pro MF841HN/A 13-inch Laptop</h2>		
			Rated <strong>5.00</strong> out of 5 (2)
			<ul>
<li>Intel Core i5 processors (13-inch model)</li>
<li>Intel Iris Graphics 6100 (13-inch model)</li>
<li>Flash storage</li>
<li>Up to 10 hours of battery life2 (13-inch model)</li>
<li>Force Touch trackpad (13-inch model)</li>
</ul>
				SKU: 5487FB8/45</a><!-- /.product-loop-body -->
	<bdi>&pound;1,800.00</bdi>
<a href="?add-to-cart=2860" data-quantity="1" data-product_id="2860" data-product_sku="5487FB8/45" aria-label="Add &ldquo;Apple MacBook Pro MF841HN/A 13-inch Laptop&rdquo; to your cart" rel="nofollow">Add to cart</a><!-- /.price-add-to-cart -->
			<!-- ADD TO WISHLIST -->
	<a
		href="?add_to_wishlist=2860&#038;_wpnonce=29f2b6f3e8"
		class="add_to_wishlist single_add_to_wishlist"
		data-product-id="2860"
		data-product-type="simple"
		data-original-product-id="2860"
		data-title="Wishlist"
		rel="nofollow"
	>
				Wishlist
	</a>
			<!-- COUNT TEXT -->
<!-- /.product-loop-footer --><!-- /.product-inner --><!-- /.product-outer --></li>
<li>
	<a href="https://demo.madrasthemes.com/electro-elementor/product-category/laptops-computers/accessories-laptops-computers/" rel="tag">Accessories</a><a href="https://demo.madrasthemes.com/electro-elementor/product/protection-plan-for-macbook-air-13-inch-macbook-pro/"><h2>Protection Plan for MacBook Air / 13 inch MacBook Pro</h2><img width="300" height="300" src="https://demo.madrasthemes.com/electro-elementor/wp-content/uploads/sites/51/2018/10/electro-placeholder-300x300.png" alt="" loading="lazy" /></a><!-- /.product-loop-header --><a href="https://demo.madrasthemes.com/electro-elementor/product-category/laptops-computers/accessories-laptops-computers/" rel="tag">Accessories</a><a href="https://demo.madrasthemes.com/electro-elementor/product/protection-plan-for-macbook-air-13-inch-macbook-pro/"><h2>Protection Plan for MacBook Air / 13 inch MacBook Pro</h2>		
			Rated <strong>3.67</strong> out of 5 (3)
			<ul>
<li>Intel Core i5 processors (13-inch model)</li>
<li>Intel Iris Graphics 6100 (13-inch model)</li>
<li>Flash storage</li>
<li>Up to 10 hours of battery life2 (13-inch model)</li>
<li>Force Touch trackpad (13-inch model)</li>
</ul>
				SKU: 5487FB8/44</a><!-- /.product-loop-body -->
	<bdi>&pound;250.00</bdi>
<a href="?add-to-cart=2861" data-quantity="1" data-product_id="2861" data-product_sku="5487FB8/44" aria-label="Add &ldquo;Protection Plan for MacBook Air / 13 inch MacBook Pro&rdquo; to your cart" rel="nofollow">Add to cart</a><!-- /.price-add-to-cart -->
			<!-- ADD TO WISHLIST -->
	<a
		href="?add_to_wishlist=2861&#038;_wpnonce=29f2b6f3e8"
		class="add_to_wishlist single_add_to_wishlist"
		data-product-id="2861"
		data-product-type="simple"
		data-original-product-id="2861"
		data-title="Wishlist"
		rel="nofollow"
	>
				Wishlist
	</a>
			<!-- COUNT TEXT -->
<!-- /.product-loop-footer --><!-- /.product-inner --><!-- /.product-outer --></li>
<li>
	<a href="https://demo.madrasthemes.com/electro-elementor/product-category/laptops-computers/all-in-one-laptops-computers/" rel="tag">All in One</a><a href="https://demo.madrasthemes.com/electro-elementor/product/smartwatch-2-0-lte-wifi-waterproof-copy/"><h2>Smartwatch 2.0 LTE Wifi  Waterproof</h2><img width="300" height="300" src="https://demo.madrasthemes.com/electro-elementor/wp-content/uploads/sites/51/2018/10/electro-placeholder-300x300.png" alt="" loading="lazy" /></a><!-- /.product-loop-header --><a href="https://demo.madrasthemes.com/electro-elementor/product-category/laptops-computers/all-in-one-laptops-computers/" rel="tag">All in One</a><a href="https://demo.madrasthemes.com/electro-elementor/product/smartwatch-2-0-lte-wifi-waterproof-copy/"><h2>Smartwatch 2.0 LTE Wifi  Waterproof</h2>		
			Rated <strong>4.00</strong> out of 5 (3)
			<ul>
<li>Water protected, dust and scratch-resistant</li>
<li>Easy calling</li>
<li>One-touch SmartWatch</li>
<li>New software update</li>
<li>Anywhere. Any weather<br />
</li>
</ul>
				SKU: 5487FB8/10</a><!-- /.product-loop-body -->
	<bdi>&pound;725.00</bdi>
<a href="?add-to-cart=2859" data-quantity="1" data-product_id="2859" data-product_sku="5487FB8/10" aria-label="Add &ldquo;Smartwatch 2.0 LTE Wifi  Waterproof&rdquo; to your cart" rel="nofollow">Add to cart</a><!-- /.price-add-to-cart -->
			<!-- ADD TO WISHLIST -->
	<a
		href="?add_to_wishlist=2859&#038;_wpnonce=29f2b6f3e8"
		class="add_to_wishlist single_add_to_wishlist"
		data-product-id="2859"
		data-product-type="simple"
		data-original-product-id="2859"
		data-title="Wishlist"
		rel="nofollow"
	>
				Wishlist
	</a>
			<!-- COUNT TEXT -->
<!-- /.product-loop-footer --><!-- /.product-inner --><!-- /.product-outer --></li>
<li>
	<a href="https://demo.madrasthemes.com/electro-elementor/product-category/laptops-computers/peripherals/" rel="tag">Peripherals</a><a href="https://demo.madrasthemes.com/electro-elementor/product/external-ssd-usb-3-1-750-gb-copy/"><h2>External SSD USB 3.1  750 GB</h2><img width="300" height="300" src="https://demo.madrasthemes.com/electro-elementor/wp-content/uploads/sites/51/2018/10/electro-placeholder-300x300.png" alt="" loading="lazy" /></a><!-- /.product-loop-header --><a href="https://demo.madrasthemes.com/electro-elementor/product-category/laptops-computers/peripherals/" rel="tag">Peripherals</a><a href="https://demo.madrasthemes.com/electro-elementor/product/external-ssd-usb-3-1-750-gb-copy/"><h2>External SSD USB 3.1  750 GB</h2>		
			Rated <strong>3.00</strong> out of 5 (3)
			<ul>
<li>Intel Core i5 processors (13-inch model)</li>
<li>Plug and Play, Driver free Design</li>
<li>Supports Hot-swap</li>
<li>Up to 10 hours of battery life2 (13-inch model)</li>
<li>High Strength ABS Plastic Material</li>
</ul>
				SKU: 5487FB8/38</a><!-- /.product-loop-body -->
	<bdi>&pound;385.00</bdi>
<a href="?add-to-cart=2858" data-quantity="1" data-product_id="2858" data-product_sku="5487FB8/38" aria-label="Add &ldquo;External SSD USB 3.1  750 GB&rdquo; to your cart" rel="nofollow">Add to cart</a><!-- /.price-add-to-cart -->
			<!-- ADD TO WISHLIST -->
	<a
		href="?add_to_wishlist=2858&#038;_wpnonce=29f2b6f3e8"
		class="add_to_wishlist single_add_to_wishlist"
		data-product-id="2858"
		data-product-type="simple"
		data-original-product-id="2858"
		data-title="Wishlist"
		rel="nofollow"
	>
				Wishlist
	</a>
			<!-- COUNT TEXT -->
<!-- /.product-loop-footer --><!-- /.product-inner --><!-- /.product-outer --></li>
<li>
	<a href="https://demo.madrasthemes.com/electro-elementor/product-category/video-games-consoles/game-consoles/" rel="tag">Game Consoles</a>, <a href="https://demo.madrasthemes.com/electro-elementor/product-category/laptops-computers/gaming-laptops-computers/" rel="tag">Gaming</a><a href="https://demo.madrasthemes.com/electro-elementor/product/gameconsole-destiny-special-edition-2/"><h2>GameConsole Destiny  Special Edition</h2><img width="300" height="300" src="https://demo.madrasthemes.com/electro-elementor/wp-content/uploads/sites/51/2018/10/electro-placeholder-300x300.png" alt="" loading="lazy" /></a><!-- /.product-loop-header --><a href="https://demo.madrasthemes.com/electro-elementor/product-category/video-games-consoles/game-consoles/" rel="tag">Game Consoles</a>, <a href="https://demo.madrasthemes.com/electro-elementor/product-category/laptops-computers/gaming-laptops-computers/" rel="tag">Gaming</a><a href="https://demo.madrasthemes.com/electro-elementor/product/gameconsole-destiny-special-edition-2/"><h2>GameConsole Destiny  Special Edition</h2>		
			Rated <strong>3.67</strong> out of 5 (3)
			<ul>
<li> Play online with your friends, get free games, save games online and more with PlayStation</li>
<li>Cutting edge graphics bring game worlds to life like never before, and next gen</li>
<li>Connect with your friends to broadcast and celebrate your epic moments</li>
<li>  Perfect for both new players and players new to PS4</li>
</ul>
				SKU: 5487FB8/40</a><!-- /.product-loop-body -->
	<bdi>&pound;150.00</bdi>
<a href="?add-to-cart=2857" data-quantity="1" data-product_id="2857" data-product_sku="5487FB8/40" aria-label="Add &ldquo;GameConsole Destiny  Special Edition&rdquo; to your cart" rel="nofollow">Add to cart</a><!-- /.price-add-to-cart -->
			<!-- ADD TO WISHLIST -->
	<a
		href="?add_to_wishlist=2857&#038;_wpnonce=29f2b6f3e8"
		class="add_to_wishlist single_add_to_wishlist"
		data-product-id="2857"
		data-product-type="simple"
		data-original-product-id="2857"
		data-title="Wishlist"
		rel="nofollow"
	>
				Wishlist
	</a>
			<!-- COUNT TEXT -->
<!-- /.product-loop-footer --><!-- /.product-inner --><!-- /.product-outer --></li>
<li>
	<a href="https://demo.madrasthemes.com/electro-elementor/product-category/cameras-photography/cameras/" rel="tag">Cameras</a><a href="https://demo.madrasthemes.com/electro-elementor/product/purple-nx-mini-f1-aparat-smart-nx/"><h2>Purple NX Mini F1 aparat  SMART NX</h2><img width="300" height="300" src="https://demo.madrasthemes.com/electro-elementor/wp-content/uploads/sites/51/2018/10/electro-placeholder-300x300.png" alt="" loading="lazy" /></a><!-- /.product-loop-header --><a href="https://demo.madrasthemes.com/electro-elementor/product-category/cameras-photography/cameras/" rel="tag">Cameras</a><a href="https://demo.madrasthemes.com/electro-elementor/product/purple-nx-mini-f1-aparat-smart-nx/"><h2>Purple NX Mini F1 aparat  SMART NX</h2>		
			<strong>0</strong> out of 5 (0)
			<ul>
<li>No more blur and noise</li>
<li>Cloud storage</li>
<li>HD video recording</li>
<li>Perfect for Selfies</li>
<li>Enjoy advanced editing capabilities with the bundled Adobe Photoshop Lightroom 5 software.</li>
</ul>
				SKU: 5487FB8/43</a><!-- /.product-loop-body -->
	<bdi>&pound;559.00</bdi>
<a href="?add-to-cart=2719" data-quantity="1" data-product_id="2719" data-product_sku="5487FB8/43" aria-label="Add &ldquo;Purple NX Mini F1 aparat  SMART NX&rdquo; to your cart" rel="nofollow">Add to cart</a><!-- /.price-add-to-cart -->
			<!-- ADD TO WISHLIST -->
	<a
		href="?add_to_wishlist=2719&#038;_wpnonce=29f2b6f3e8"
		class="add_to_wishlist single_add_to_wishlist"
		data-product-id="2719"
		data-product-type="simple"
		data-original-product-id="2719"
		data-title="Wishlist"
		rel="nofollow"
	>
				Wishlist
	</a>
			<!-- COUNT TEXT -->
<!-- /.product-loop-footer --><!-- /.product-inner --><!-- /.product-outer --></li>
<li>
	<a href="https://demo.madrasthemes.com/electro-elementor/product-category/accessories/headphones/" rel="tag">Headphones</a><a href="https://demo.madrasthemes.com/electro-elementor/product/white-solo-2-wireless/"><h2>White Solo 2 Wireless</h2><img width="300" height="300" src="https://demo.madrasthemes.com/electro-elementor/wp-content/uploads/sites/51/2018/10/electro-placeholder-300x300.png" alt="" loading="lazy" /></a><!-- /.product-loop-header --><a href="https://demo.madrasthemes.com/electro-elementor/product-category/accessories/headphones/" rel="tag">Headphones</a><a href="https://demo.madrasthemes.com/electro-elementor/product/white-solo-2-wireless/"><h2>White Solo 2 Wireless</h2>		
			<strong>0</strong> out of 5 (0)
			<ul>
<li>Pair and Play with your Bluetooth® device with 30&#039; range</li>
<li>12 hour rechargeable battery with Fuel Gauge</li>
<li>Take hands-free calls with built-in mic*</li>
<li>Fine-tuned acoustics for clarity, breadth and balance</li>
</ul>
				SKU: 5487FB8/42</a><!-- /.product-loop-body -->
	<bdi>&pound;248.99</bdi>
<a href="?add-to-cart=2718" data-quantity="1" data-product_id="2718" data-product_sku="5487FB8/42" aria-label="Add &ldquo;White Solo 2 Wireless&rdquo; to your cart" rel="nofollow">Add to cart</a><!-- /.price-add-to-cart -->
			<!-- ADD TO WISHLIST -->
	<a
		href="?add_to_wishlist=2718&#038;_wpnonce=29f2b6f3e8"
		class="add_to_wishlist single_add_to_wishlist"
		data-product-id="2718"
		data-product-type="simple"
		data-original-product-id="2718"
		data-title="Wishlist"
		rel="nofollow"
	>
				Wishlist
	</a>
			<!-- COUNT TEXT -->
<!-- /.product-loop-footer --><!-- /.product-inner --><!-- /.product-outer --></li>
<li>
	<a href="https://demo.madrasthemes.com/electro-elementor/product-category/laptops-computers/laptops-laptops-computers/" rel="tag">Laptops</a>, <a href="https://demo.madrasthemes.com/electro-elementor/product-category/laptops-computers/ultrabooks-laptops-computers/" rel="tag">Ultrabooks</a><a href="https://demo.madrasthemes.com/electro-elementor/product/tablet-red-elitebook-revolve-810-g2/"><h2>Tablet Red EliteBook  Revolve 810 G2</h2><img width="300" height="300" src="https://demo.madrasthemes.com/electro-elementor/wp-content/uploads/sites/51/2018/10/electro-placeholder-300x300.png" alt="" loading="lazy" /></a><!-- /.product-loop-header --><a href="https://demo.madrasthemes.com/electro-elementor/product-category/laptops-computers/laptops-laptops-computers/" rel="tag">Laptops</a>, <a href="https://demo.madrasthemes.com/electro-elementor/product-category/laptops-computers/ultrabooks-laptops-computers/" rel="tag">Ultrabooks</a><a href="https://demo.madrasthemes.com/electro-elementor/product/tablet-red-elitebook-revolve-810-g2/"><h2>Tablet Red EliteBook  Revolve 810 G2</h2>		
			Rated <strong>3.33</strong> out of 5 (3)
			<ul>
<li>Intel Core i5 processors (13-inch model)</li>
<li>Intel Iris Graphics 6100 (13-inch model)</li>
<li>Flash storage</li>
<li>Up to 10 hours of battery life2 (13-inch model)</li>
<li>Force Touch trackpad (13-inch model)</li>
</ul>
				SKU: 5487FB8/41</a><!-- /.product-loop-body -->
	<bdi>&pound;2,299.00</bdi>
<a href="?add-to-cart=2717" data-quantity="1" data-product_id="2717" data-product_sku="5487FB8/41" aria-label="Add &ldquo;Tablet Red EliteBook  Revolve 810 G2&rdquo; to your cart" rel="nofollow">Add to cart</a><!-- /.price-add-to-cart -->
			<!-- ADD TO WISHLIST -->
	<a
		href="?add_to_wishlist=2717&#038;_wpnonce=29f2b6f3e8"
		class="add_to_wishlist single_add_to_wishlist"
		data-product-id="2717"
		data-product-type="simple"
		data-original-product-id="2717"
		data-title="Wishlist"
		rel="nofollow"
	>
				Wishlist
	</a>
			<!-- COUNT TEXT -->
<!-- /.product-loop-footer --><!-- /.product-inner --><!-- /.product-outer --></li>
<li>
	<a href="https://demo.madrasthemes.com/electro-elementor/product-category/video-games-consoles/game-consoles/" rel="tag">Game Consoles</a><a href="https://demo.madrasthemes.com/electro-elementor/product/gameconsole-destiny-special-edition/"><h2>GameConsole Destiny  Special Edition</h2><img width="300" height="300" src="https://demo.madrasthemes.com/electro-elementor/wp-content/uploads/sites/51/2018/10/electro-placeholder-300x300.png" alt="" loading="lazy" /></a><!-- /.product-loop-header --><a href="https://demo.madrasthemes.com/electro-elementor/product-category/video-games-consoles/game-consoles/" rel="tag">Game Consoles</a><a href="https://demo.madrasthemes.com/electro-elementor/product/gameconsole-destiny-special-edition/"><h2>GameConsole Destiny  Special Edition</h2>		
			<strong>0</strong> out of 5 (0)
			<ul>
<li> Play online with your friends, get free games, save games online and more with PlayStation</li>
<li>Cutting edge graphics bring game worlds to life like never before, and next gen</li>
<li>Connect with your friends to broadcast and celebrate your epic moments</li>
<li> Perfect for both new players and players new to PS4</li>
</ul>
				SKU: 5487FB8/40</a><!-- /.product-loop-body -->
	<bdi>&pound;789.00</bdi>
<a href="?add-to-cart=2715" data-quantity="1" data-product_id="2715" data-product_sku="5487FB8/40" aria-label="Add &ldquo;GameConsole Destiny  Special Edition&rdquo; to your cart" rel="nofollow">Add to cart</a><!-- /.price-add-to-cart -->
			<!-- ADD TO WISHLIST -->
	<a
		href="?add_to_wishlist=2715&#038;_wpnonce=29f2b6f3e8"
		class="add_to_wishlist single_add_to_wishlist"
		data-product-id="2715"
		data-product-type="simple"
		data-original-product-id="2715"
		data-title="Wishlist"
		rel="nofollow"
	>
				Wishlist
	</a>
			<!-- COUNT TEXT -->
<!-- /.product-loop-footer --><!-- /.product-inner --><!-- /.product-outer --></li>
<li>
	<a href="https://demo.madrasthemes.com/electro-elementor/product-category/cameras-photography/cameras/" rel="tag">Cameras</a><a href="https://demo.madrasthemes.com/electro-elementor/product/camera-c430w-4k-waterproof/"><h2>Camera C430W 4k Waterproof</h2><img width="300" height="300" src="https://demo.madrasthemes.com/electro-elementor/wp-content/uploads/sites/51/2018/10/electro-placeholder-300x300.png" alt="" loading="lazy" /></a><!-- /.product-loop-header --><a href="https://demo.madrasthemes.com/electro-elementor/product-category/cameras-photography/cameras/" rel="tag">Cameras</a><a href="https://demo.madrasthemes.com/electro-elementor/product/camera-c430w-4k-waterproof/"><h2>Camera C430W 4k Waterproof</h2>		
			<strong>0</strong> out of 5 (0)
			<ul>
<li>High-resolution and high frame rate video</li>
<li>Fast, powerful photo capture.</li>
<li>New settings for after dark.</li>
<li>Control, view and share with built-in Wi-Fi + Bluetooth®</li>
<li>HiLight Tag your best moments.</li>
</ul>
				SKU: 5487FB8/39</a><!-- /.product-loop-body -->
	<bdi>&pound;590.00</bdi>
<a href="?add-to-cart=2713" data-quantity="1" data-product_id="2713" data-product_sku="5487FB8/39" aria-label="Add &ldquo;Camera C430W 4k Waterproof&rdquo; to your cart" rel="nofollow">Add to cart</a><!-- /.price-add-to-cart -->
			<!-- ADD TO WISHLIST -->
	<a
		href="?add_to_wishlist=2713&#038;_wpnonce=29f2b6f3e8"
		class="add_to_wishlist single_add_to_wishlist"
		data-product-id="2713"
		data-product-type="simple"
		data-original-product-id="2713"
		data-title="Wishlist"
		rel="nofollow"
	>
				Wishlist
	</a>
			<!-- COUNT TEXT -->
<!-- /.product-loop-footer --><!-- /.product-inner --><!-- /.product-outer --></li>
<li>
	<a href="https://demo.madrasthemes.com/electro-elementor/product-category/accessories/pendrives/" rel="tag">Pendrives</a><a href="https://demo.madrasthemes.com/electro-elementor/product/external-ssd-usb-3-1-750-gb/"><h2>External SSD USB 3.1  750 GB</h2><img width="300" height="300" src="https://demo.madrasthemes.com/electro-elementor/wp-content/uploads/sites/51/2018/10/electro-placeholder-300x300.png" alt="" loading="lazy" /></a><!-- /.product-loop-header --><a href="https://demo.madrasthemes.com/electro-elementor/product-category/accessories/pendrives/" rel="tag">Pendrives</a><a href="https://demo.madrasthemes.com/electro-elementor/product/external-ssd-usb-3-1-750-gb/"><h2>External SSD USB 3.1  750 GB</h2>		
			Rated <strong>3.00</strong> out of 5 (3)
			<ul>
<li>Intel Core i5 processors (13-inch model)</li>
<li>Store all of your data with a large capacity</li>
<li>Store all of your data with a large capacity<br />
Enjoy blazing-fast read/write speeds</li>
<li>Enjoy a compact and lightweight design</li>
<li>Force Touch trackpad (13-inch model)</li>
</ul>
				SKU: 5487FB8/38</a><!-- /.product-loop-body -->
	<bdi>&pound;385.00</bdi>
<a href="?add-to-cart=2711" data-quantity="1" data-product_id="2711" data-product_sku="5487FB8/38" aria-label="Add &ldquo;External SSD USB 3.1  750 GB&rdquo; to your cart" rel="nofollow">Add to cart</a><!-- /.price-add-to-cart -->
			<!-- ADD TO WISHLIST -->
	<a
		href="?add_to_wishlist=2711&#038;_wpnonce=29f2b6f3e8"
		class="add_to_wishlist single_add_to_wishlist"
		data-product-id="2711"
		data-product-type="simple"
		data-original-product-id="2711"
		data-title="Wishlist"
		rel="nofollow"
	>
				Wishlist
	</a>
			<!-- COUNT TEXT -->
<!-- /.product-loop-footer --><!-- /.product-inner --><!-- /.product-outer --></li>
<li>
	<a href="https://demo.madrasthemes.com/electro-elementor/product-category/laptops-computers/accessories-laptops-computers/" rel="tag">Accessories</a>, <a href="https://demo.madrasthemes.com/electro-elementor/product-category/accessories/pendrives/" rel="tag">Pendrives</a><a href="https://demo.madrasthemes.com/electro-elementor/product/pendrive-usb-3-0-flash-64-gb/"><h2>Pendrive USB 3.0 Flash 64 GB</h2><img width="300" height="300" src="https://demo.madrasthemes.com/electro-elementor/wp-content/uploads/sites/51/2018/10/electro-placeholder-300x300.png" alt="" loading="lazy" /></a><!-- /.product-loop-header --><a href="https://demo.madrasthemes.com/electro-elementor/product-category/laptops-computers/accessories-laptops-computers/" rel="tag">Accessories</a>, <a href="https://demo.madrasthemes.com/electro-elementor/product-category/accessories/pendrives/" rel="tag">Pendrives</a><a href="https://demo.madrasthemes.com/electro-elementor/product/pendrive-usb-3-0-flash-64-gb/"><h2>Pendrive USB 3.0 Flash 64 GB</h2>		
			Rated <strong>4.00</strong> out of 5 (3)
			<ul>
<li>Spend less time waiting as it transfer large photos, videos and other files up to 10 times faster than USB 2.0</li>
<li>Super-fast transfer speeds (up to 190MB/sec)</li>
<li>USB 3.0 enabled</li>
<li>Password Protect Your Private Files</li>
<li>Recover Lost or Deleted Photos with RescuePRO Deluxe</li>
</ul>
				SKU: 5487FB8/37</a><!-- /.product-loop-body -->
	<bdi>&pound;110.00</bdi>
<a href="?add-to-cart=2709" data-quantity="1" data-product_id="2709" data-product_sku="5487FB8/37" aria-label="Add &ldquo;Pendrive USB 3.0 Flash 64 GB&rdquo; to your cart" rel="nofollow">Add to cart</a><!-- /.price-add-to-cart -->
			<!-- ADD TO WISHLIST -->
	<a
		href="?add_to_wishlist=2709&#038;_wpnonce=29f2b6f3e8"
		class="add_to_wishlist single_add_to_wishlist"
		data-product-id="2709"
		data-product-type="simple"
		data-original-product-id="2709"
		data-title="Wishlist"
		rel="nofollow"
	>
				Wishlist
	</a>
			<!-- COUNT TEXT -->
<!-- /.product-loop-footer --><!-- /.product-inner --><!-- /.product-outer --></li>
</ul>
			<p>
	Showing 1&ndash;20 of 56 results</p>
<nav>
	<ul class='page-numbers'>
	<li>1</li>
	<li><a href="/electro-elementor/wp-admin/admin-ajax.php?product-page=2">2</a></li>
	<li><a href="/electro-elementor/wp-admin/admin-ajax.php?product-page=3">3</a></li>
	<li><a href="/electro-elementor/wp-admin/admin-ajax.php?product-page=2">&rarr;</a></li>
</ul>
</nav>
							</section>
																<a href="#">
							<img width="690" height="150" src="https://demo.madrasthemes.com/electro-elementor/wp-content/uploads/sites/51/2018/10/electro-home-banner-5.png" alt="" loading="lazy" srcset="https://demo.madrasthemes.com/electro-elementor/wp-content/uploads/sites/51/2018/10/electro-home-banner-5.png 690w, https://demo.madrasthemes.com/electro-elementor/wp-content/uploads/sites/51/2018/10/electro-home-banner-5-300x65.png 300w, https://demo.madrasthemes.com/electro-elementor/wp-content/uploads/sites/51/2018/10/electro-home-banner-5-600x130.png 600w" sizes="(max-width: 690px) 100vw, 690px" />								</a>
																<a href="#">
							<img width="690" height="150" src="https://demo.madrasthemes.com/electro-elementor/wp-content/uploads/sites/51/2018/10/electro-home-banner-5.png" alt="" loading="lazy" srcset="https://demo.madrasthemes.com/electro-elementor/wp-content/uploads/sites/51/2018/10/electro-home-banner-5.png 690w, https://demo.madrasthemes.com/electro-elementor/wp-content/uploads/sites/51/2018/10/electro-home-banner-5-300x65.png 300w, https://demo.madrasthemes.com/electro-elementor/wp-content/uploads/sites/51/2018/10/electro-home-banner-5-600x130.png 600w" sizes="(max-width: 690px) 100vw, 690px" />								</a>]]></content:encoded>
		<excerpt:encoded><![CDATA[]]></excerpt:encoded>
		<wp:post_id>5870</wp:post_id>
		<wp:post_date><![CDATA[2022-06-27 06:09:23]]></wp:post_date>
		<wp:post_date_gmt><![CDATA[2022-06-27 06:09:23]]></wp:post_date_gmt>
		<wp:post_modified><![CDATA[2022-06-27 12:32:50]]></wp:post_modified>
		<wp:post_modified_gmt><![CDATA[2022-06-27 12:32:50]]></wp:post_modified_gmt>
		<wp:comment_status><![CDATA[closed]]></wp:comment_status>
		<wp:ping_status><![CDATA[closed]]></wp:ping_status>
		<wp:post_name><![CDATA[home-v13-el-template]]></wp:post_name>
		<wp:status><![CDATA[publish]]></wp:status>
		<wp:post_parent>0</wp:post_parent>
		<wp:menu_order>0</wp:menu_order>
		<wp:post_type><![CDATA[elementor_library]]></wp:post_type>
		<wp:post_password><![CDATA[]]></wp:post_password>
		<wp:is_sticky>0</wp:is_sticky>
										<category domain="elementor_library_type" nicename="page"><![CDATA[page]]></category>
						<wp:postmeta>
		<wp:meta_key><![CDATA[_elementor_edit_mode]]></wp:meta_key>
		<wp:meta_value><![CDATA[builder]]></wp:meta_value>
		</wp:postmeta>
							<wp:postmeta>
		<wp:meta_key><![CDATA[_elementor_template_type]]></wp:meta_key>
		<wp:meta_value><![CDATA[page]]></wp:meta_value>
		</wp:postmeta>
							<wp:postmeta>
		<wp:meta_key><![CDATA[_elementor_version]]></wp:meta_key>
		<wp:meta_value><![CDATA[3.5.5]]></wp:meta_value>
		</wp:postmeta>
							<wp:postmeta>
		<wp:meta_key><![CDATA[_wp_page_template]]></wp:meta_key>
		<wp:meta_value><![CDATA[elementor_canvas]]></wp:meta_value>
		</wp:postmeta>
							<wp:postmeta>
		<wp:meta_key><![CDATA[_elementor_data]]></wp:meta_key>
		<wp:meta_value><![CDATA[[{"id":"3733666b","elType":"section","settings":{"custom_height":{"unit":"px","size":"833","sizes":[]},"background_background":"classic","background_image":{"id":"5713","url":"https:\/\/demo.madrasthemes.com\/electro-elementor\/wp-content\/uploads\/sites\/51\/2022\/05\/1920x833.png","alt":"","source":"library"},"background_position":"center center","background_repeat":"no-repeat","background_size":"cover","_title":"Home v13 - Hero","content_width":{"unit":"px","size":1420,"sizes":[]},"content_width_tablet":{"unit":"px","size":1024,"sizes":[]},"content_width_mobile":{"unit":"px","size":"768","sizes":[]},"margin":{"unit":"px","top":"","right":"0","bottom":"","left":"0","isLinked":"1"},"padding":{"unit":"px","top":"0","right":"0","bottom":"0","left":"0","isLinked":""},"stretch_section":"section-stretched","enable_carousel":"","content_width_laptop":{"unit":"px","size":1190,"sizes":[]},"content_width_tablet_extra":{"unit":"px","size":1190,"sizes":[]}},"elements":[{"id":"694386a6","elType":"column","settings":{"_column_size":"100","padding":{"unit":"px","top":"0","right":"0","bottom":"0","left":"0","isLinked":""},"background_image":{"url":"","id":"","alt":"","source":"library"},"background_position":"center center","margin":{"unit":"px","top":"30","right":"0","bottom":"-60","left":"0","isLinked":""}},"elements":[{"id":"57c53fe","elType":"section","settings":{"structure":"22","content_width":{"unit":"px","size":"1420","sizes":[]},"content_width_tablet":{"unit":"px","size":1024,"sizes":[]},"content_width_mobile":{"unit":"px","size":"768","sizes":[]},"content_position":"middle","padding":{"unit":"px","top":"0","right":"0","bottom":"0","left":"0","isLinked":""},"content_width_laptop":{"unit":"px","size":1420,"sizes":[]},"content_width_tablet_extra":{"unit":"px","size":1190,"sizes":[]}},"elements":[{"id":"65916f29","elType":"column","settings":{"_column_size":"66","padding":{"unit":"px","top":"0","right":"10","bottom":"0","left":"10","isLinked":""},"_inline_size_mobile":"100","_inline_size_tablet":"50","padding_mobile":{"unit":"px","top":"10","right":"15","bottom":"10","left":"15","isLinked":""},"_inline_size_tablet_extra":50},"elements":[{"id":"3610a867","elType":"widget","settings":{"title":"OVER <strong style=\"font-weight: 700\">1 MILION<\/strong>","header_size":"h1","title_color":"#FFFFFF","typography_typography":"custom","typography_font_family":"Inter","typography_font_size":{"unit":"px","size":"54","sizes":[]},"typography_font_size_tablet":{"unit":"px","size":"36","sizes":[]},"typography_font_size_mobile":{"unit":"px","size":"36","sizes":[]},"typography_font_weight":"300","_margin":{"unit":"px","top":"0","right":"0","bottom":"0","left":"0","isLinked":"1"},"_css_classes":"mb-0","align":"left"},"elements":[],"widgetType":"heading"},{"id":"2710041f","elType":"widget","settings":{"title":"OF COOL ELECTRONICS AND TECH GADGETS OUT THERE ","header_size":"p","title_color":"#FFFFFF","typography_typography":"custom","typography_font_family":"Inter","typography_font_size":{"unit":"px","size":"14","sizes":[]},"typography_font_weight":"600","typography_text_transform":"uppercase","_margin":{"unit":"px","top":"8","right":"0","bottom":"0","left":"0","isLinked":""}},"elements":[],"widgetType":"heading"},{"id":"716ca297","elType":"widget","settings":{"_margin":{"unit":"px","top":"8","right":"200","bottom":"0","left":"0","isLinked":""},"_css_classes":"home-v13-hero-search","_margin_tablet":{"unit":"px","top":"8","right":"0","bottom":"0","left":"0","isLinked":""},"_margin_mobile":{"unit":"px","top":"08","right":"0","bottom":"8","left":"0","isLinked":""}},"elements":[],"widgetType":"wp-widget-woocommerce_product_search"}],"isInner":"1"},{"id":"5138d902","elType":"column","settings":{"_column_size":"33","_inline_size_mobile":"100","_inline_size_tablet":"50","padding_mobile":{"unit":"px","top":"10","right":"15","bottom":"10","left":"15","isLinked":""},"_inline_size_tablet_extra":50},"elements":[{"id":"30f390ae","elType":"widget","settings":{"selected_icon":{"value":"fas fa-fire","library":"fa-solid"},"title_text":"Hot Products Today","description_text":"","position":"left","primary_color":"#FDD700","icon_space":{"unit":"px","size":"8","sizes":[]},"icon_size":{"unit":"px","size":"27","sizes":[]},"text_align":"left","content_vertical_alignment":"middle","title_bottom_space":{"unit":"px","size":"0","sizes":[]},"title_color":"#FFFFFF","title_typography_typography":"custom","title_typography_font_family":"Inter","title_typography_font_size":{"unit":"px","size":"22","sizes":[]},"title_typography_font_weight":"400","_margin":{"unit":"px","top":"0","right":"0","bottom":"15","left":"0","isLinked":""},"_margin_mobile":{"unit":"px","top":"0","right":"0","bottom":"0","left":"0","isLinked":""}},"elements":[],"widgetType":"icon-box"},{"id":"67490925","elType":"widget","settings":{"enable_sidebar":"","limit":"2","columns":"2","columns_wide":"2","orderby":"date","cat_operator":"IN","terms_operator":"IN","enable_pagination":"","_border_border":"solid","_border_width":{"unit":"px","top":"2","right":"2","bottom":"2","left":"2","isLinked":"1"},"_border_color":"#4C4C4C","_border_radius":{"unit":"px","top":"10","right":"10","bottom":"10","left":"10","isLinked":"1"},"_css_classes":"home-v13-hero","_background_background":"classic","_background_color":"#1B1A1A","columns_tablet":"2","category":"smartphones, headphones"},"elements":[],"widgetType":"electro_elementor_sidebar_with_products_block"}],"isInner":"1"}],"isInner":"1"},{"id":"bec04ac","elType":"section","settings":{"structure":"32","content_width":{"unit":"px","size":"1420","sizes":[]},"margin":{"unit":"px","top":"0","right":"0","bottom":"0","left":"0","isLinked":"1"},"padding":{"unit":"px","top":"0","right":"0","bottom":"0","left":"0","isLinked":""},"content_width_tablet":{"unit":"px","size":1024,"sizes":[]},"content_width_laptop":{"unit":"px","size":1420,"sizes":[]},"content_width_tablet_extra":{"unit":"px","size":1190,"sizes":[]}},"elements":[{"id":"6f5f4efd","elType":"column","settings":{"_column_size":"50","padding_mobile":{"unit":"px","top":"10","right":"15","bottom":"10","left":"15","isLinked":""}},"elements":[{"id":"4cf16c6a","elType":"widget","settings":{"image":{"id":"5740","url":"https:\/\/demo.madrasthemes.com\/electro-elementor\/wp-content\/uploads\/sites\/51\/2022\/05\/690x152.png","alt":"","source":"library"},"link_to":"custom","link":{"url":"#","is_external":"","nofollow":"","custom_attributes":""},"image_size":"full","image_border_radius":{"unit":"px","top":"10","right":"10","bottom":"10","left":"10","isLinked":"1"}},"elements":[],"widgetType":"image"}],"isInner":"1"},{"id":"3e7e6a22","elType":"column","settings":{"_column_size":"25","padding_mobile":{"unit":"px","top":"10","right":"15","bottom":"10","left":"15","isLinked":""}},"elements":[{"id":"7b7657e7","elType":"widget","settings":{"link_to":"custom","link":{"url":"#","is_external":"","nofollow":"","custom_attributes":""},"image_size":"full","image":{"url":"https:\/\/demo.madrasthemes.com\/electro-elementor\/wp-content\/uploads\/sites\/51\/2022\/05\/335x152.png","id":"5730","alt":"","source":"library"},"image_border_radius":{"unit":"px","top":"10","right":"10","bottom":"10","left":"10","isLinked":"1"}},"elements":[],"widgetType":"image"}],"isInner":"1"},{"id":"4297a0d1","elType":"column","settings":{"_column_size":"25","padding_mobile":{"unit":"px","top":"10","right":"15","bottom":"10","left":"15","isLinked":""}},"elements":[{"id":"373d93be","elType":"widget","settings":{"link_to":"custom","link":{"url":"#","is_external":"","nofollow":"","custom_attributes":""},"image_size":"full","image":{"url":"https:\/\/demo.madrasthemes.com\/electro-elementor\/wp-content\/uploads\/sites\/51\/2022\/05\/335x152.png","id":"5730","alt":"","source":"library"},"image_border_radius":{"unit":"px","top":"10","right":"10","bottom":"10","left":"10","isLinked":"1"}},"elements":[],"widgetType":"image"}],"isInner":"1"}],"isInner":"1"},{"id":"3cd14270","elType":"section","settings":{"content_width":{"unit":"px","size":"1420","sizes":[]},"structure":"40","margin":{"unit":"px","top":"0","right":"0","bottom":"0","left":"0","isLinked":"1"},"padding":{"unit":"px","top":"0","right":"0","bottom":"0","left":"0","isLinked":""},"content_width_tablet":{"unit":"px","size":1024,"sizes":[]},"content_width_laptop":{"unit":"px","size":1420,"sizes":[]},"content_width_tablet_extra":{"unit":"px","size":1190,"sizes":[]}},"elements":[{"id":"31cb0f6e","elType":"column","settings":{"_column_size":"25","padding_mobile":{"unit":"px","top":"10","right":"15","bottom":"10","left":"15","isLinked":""}},"elements":[{"id":"73fa1860","elType":"widget","settings":{"link_to":"custom","link":{"url":"#","is_external":"","nofollow":"","custom_attributes":""},"image_border_radius":{"unit":"px","top":"10","right":"10","bottom":"10","left":"10","isLinked":"1"},"image_box_shadow_box_shadow_type":"yes","image_box_shadow_box_shadow":{"horizontal":"0","vertical":"1","blur":"10","spread":"1","color":"rgba(0, 0, 0, 0.36)"},"_background_background":"classic","image_size":"full","image":{"url":"https:\/\/demo.madrasthemes.com\/electro-elementor\/wp-content\/uploads\/sites\/51\/2022\/05\/335x152.png","id":"5730","alt":"","source":"library"}},"elements":[],"widgetType":"image"}],"isInner":"1"},{"id":"531851ac","elType":"column","settings":{"_column_size":"25","padding_mobile":{"unit":"px","top":"10","right":"15","bottom":"10","left":"15","isLinked":""}},"elements":[{"id":"47656cbf","elType":"widget","settings":{"link_to":"custom","link":{"url":"#","is_external":"","nofollow":"","custom_attributes":""},"image_border_radius":{"unit":"px","top":"10","right":"10","bottom":"10","left":"10","isLinked":"1"},"image_box_shadow_box_shadow_type":"yes","image_box_shadow_box_shadow":{"horizontal":"0","vertical":"1","blur":"10","spread":"1","color":"rgba(0, 0, 0, 0.36)"},"image":{"url":"https:\/\/demo.madrasthemes.com\/electro-elementor\/wp-content\/uploads\/sites\/51\/2022\/05\/335x152.png","id":"5730","alt":"","source":"library"}},"elements":[],"widgetType":"image"}],"isInner":"1"},{"id":"75b51748","elType":"column","settings":{"_column_size":"25","padding_mobile":{"unit":"px","top":"10","right":"15","bottom":"10","left":"15","isLinked":""}},"elements":[{"id":"44e50df0","elType":"widget","settings":{"link_to":"custom","link":{"url":"#","is_external":"","nofollow":"","custom_attributes":""},"image_border_radius":{"unit":"px","top":"10","right":"10","bottom":"10","left":"10","isLinked":"1"},"image_box_shadow_box_shadow_type":"yes","image_box_shadow_box_shadow":{"horizontal":"0","vertical":"1","blur":"10","spread":"1","color":"rgba(0, 0, 0, 0.36)"},"image_size":"full","image":{"url":"https:\/\/demo.madrasthemes.com\/electro-elementor\/wp-content\/uploads\/sites\/51\/2022\/05\/335x152.png","id":"5730","alt":"","source":"library"}},"elements":[],"widgetType":"image"}],"isInner":"1"},{"id":"43e318c","elType":"column","settings":{"_column_size":"25","padding_mobile":{"unit":"px","top":"10","right":"15","bottom":"10","left":"15","isLinked":""}},"elements":[{"id":"470a27c1","elType":"widget","settings":{"link_to":"custom","link":{"url":"#","is_external":"","nofollow":"","custom_attributes":""},"image_border_radius":{"unit":"px","top":"10","right":"10","bottom":"10","left":"10","isLinked":"1"},"image_box_shadow_box_shadow_type":"yes","image_box_shadow_box_shadow":{"horizontal":"0","vertical":"1","blur":"10","spread":"1","color":"rgba(0, 0, 0, 0.36)"},"image_size":"full","image":{"url":"https:\/\/demo.madrasthemes.com\/electro-elementor\/wp-content\/uploads\/sites\/51\/2022\/05\/335x152.png","id":"5730","alt":"","source":"library"}},"elements":[],"widgetType":"image"}],"isInner":"1"}],"isInner":"1"}],"isInner":""}],"isInner":""},{"id":"28c805eb","elType":"section","settings":{"structure":"21","content_width":{"unit":"px","size":"1420","sizes":[]},"margin":{"unit":"px","top":"108","right":"0","bottom":"0","left":"0","isLinked":""},"content_width_tablet":{"unit":"px","size":"1420","sizes":[]},"padding":{"unit":"px","top":"0","right":"0","bottom":"0","left":"0","isLinked":""},"_title":"Home v13 - Vertical Menu products"},"elements":[{"id":"4804e33a","elType":"column","settings":{"_column_size":"33","_inline_size":"22","hide_tablet":"hidden-tablet","hide_mobile":"hidden-mobile","_inline_size_widescreen":"20","_inline_size_laptop":"30"},"elements":[{"id":"56b7ad56","elType":"widget","settings":{"title":"Assortment","action_text":"","action_link":"#","menu":"Vertical Menu","_element_custom_width_tablet":{"unit":"px","size":"180","sizes":[]},"_element_custom_width_mobile":{"unit":"%","size":"","sizes":[]},"_css_classes":"home-v13-vertical-menu"},"elements":[],"widgetType":"electro_vertical_nav_menu_element"},{"id":"2700625f","elType":"widget","settings":{"image_size":"full","width":{"unit":"px","size":"","sizes":[]},"width_tablet":{"unit":"px","size":"","sizes":[]},"width_mobile":{"unit":"px","size":"","sizes":[]},"link_to":"custom","link":{"url":"#","is_external":"","nofollow":"","custom_attributes":""},"image":{"url":"https:\/\/demo.madrasthemes.com\/electro-elementor\/wp-content\/uploads\/sites\/51\/2022\/05\/270x428.png","id":"5752","alt":"","source":"library"},"_margin":{"unit":"px","top":"0","right":"0","bottom":"0","left":"0","isLinked":"1"},"_padding":{"unit":"px","top":"0","right":"0","bottom":"0","left":"0","isLinked":"1"},"_z_index":"0"},"elements":[],"widgetType":"image"}],"isInner":""},{"id":"7ac79f","elType":"column","settings":{"_column_size":"66","_inline_size":"77.665","_inline_size_tablet":"100","padding_tablet":{"unit":"px","top":"0","right":"0","bottom":"0","left":"0","isLinked":""},"padding_mobile":{"unit":"px","top":"0","right":"0","bottom":"0","left":"0","isLinked":""},"padding":{"unit":"px","top":"0","right":"0","bottom":"0","left":"20","isLinked":""},"_inline_size_widescreen":"80","_inline_size_laptop":"70"},"elements":[{"id":"1484df9","elType":"widget","settings":{"enable_sidebar":"","limit":"20","columns":"5","columns_wide":"5","orderby":"date","order":"DESC","cat_operator":"IN","terms_operator":"IN","enable_pagination":"true","columns_tablet":"3","title":"Value of the Day","category":"smartphones, headphones, printers, cameras, power-banks","products_choice":"ids"},"elements":[],"widgetType":"electro_elementor_sidebar_with_products_block"}],"isInner":""}],"isInner":""},{"id":"490b6471","elType":"section","settings":{"structure":"20","_title":"Home v13 - Banners","content_width":{"unit":"px","size":"1420","sizes":[]},"margin":{"unit":"px","top":"24","right":0,"bottom":"48","left":0,"isLinked":""},"content_width_tablet":{"unit":"px","size":"1420","sizes":[]},"padding":{"unit":"px","top":"0","right":"0","bottom":"0","left":"0","isLinked":""},"margin_mobile":{"unit":"px","top":"10","right":"0","bottom":"24","left":"0","isLinked":""}},"elements":[{"id":"37e3a0fc","elType":"column","settings":{"_column_size":"50","padding_mobile":{"unit":"px","top":"10","right":"0","bottom":"10","left":"0","isLinked":""},"padding":{"unit":"px","top":"010","right":"010","bottom":"010","left":"0","isLinked":""}},"elements":[{"id":"32f2fea2","elType":"widget","settings":{"image":{"id":"5013","url":"https:\/\/demo.madrasthemes.com\/electro-elementor\/wp-content\/uploads\/sites\/51\/2018\/10\/electro-home-banner-5.png","alt":"","source":"library"},"image_size":"full","link_to":"custom","link":{"url":"#","is_external":"","nofollow":"","custom_attributes":""}},"elements":[],"widgetType":"image"}],"isInner":""},{"id":"129d0a4c","elType":"column","settings":{"_column_size":"50","padding_mobile":{"unit":"px","top":"10","right":"0","bottom":"10","left":"0","isLinked":""},"padding":{"unit":"px","top":"10","right":"0","bottom":"10","left":"10","isLinked":""}},"elements":[{"id":"6a06337e","elType":"widget","settings":{"image":{"id":"5013","url":"https:\/\/demo.madrasthemes.com\/electro-elementor\/wp-content\/uploads\/sites\/51\/2018\/10\/electro-home-banner-5.png","alt":"","source":"library"},"image_size":"full","link_to":"custom","link":{"url":"#","is_external":"","nofollow":"","custom_attributes":""}},"elements":[],"widgetType":"image"}],"isInner":""}],"isInner":""}]]]></wp:meta_value>
		</wp:postmeta>
							<wp:postmeta>
		<wp:meta_key><![CDATA[_elementor_page_assets]]></wp:meta_key>
		<wp:meta_value><![CDATA[a:0:{}]]></wp:meta_value>
		</wp:postmeta>
							<wp:postmeta>
		<wp:meta_key><![CDATA[_edit_last]]></wp:meta_key>
		<wp:meta_value><![CDATA[1208]]></wp:meta_value>
		</wp:postmeta>
							<wp:postmeta>
		<wp:meta_key><![CDATA[rs_page_bg_color]]></wp:meta_key>
		<wp:meta_value><![CDATA[]]></wp:meta_value>
		</wp:postmeta>
							<wp:postmeta>
		<wp:meta_key><![CDATA[_wp_old_slug]]></wp:meta_key>
		<wp:meta_value><![CDATA[home-v13-el]]></wp:meta_value>
		</wp:postmeta>
							</item>
					
					
					
				</channel>
</rss>
	