{"last_tab":"3","dark_enabled":"0","site_dark_logo":{"url":"","id":"","height":"","width":"","thumbnail":""},"mode_switcher_enabled":"1","scrollup":"1","reg_image_size":"0","sidebar_margin_top":"268","catalog_mode":"0","product_brand_taxonomy":"pa_brands","compare_page_id":"2917","shop_jumbotron_id":"2923","shop_jumbotron_bottom_id":"","product_archive_enabled_views":{"enabled":{"placebo":"placebo","grid":"Grid","grid-extended":"Grid Extended","list-view":"List","list-view-small":"List View Small"},"disabled":{"placebo":"placebo"}},"shop_layout":"left-sidebar","subcategory_columns":"5","product_columns":"5","product_columns_wide":"5","products_per_page":"25","wc_template_loop_sale":"0","single_product_layout":"left-sidebar","single_product_style":"normal","enable_single_product_sidebar":"0","enable_related_products":"1","single_product_timer":"0","product_gallery_carousel":"1","sticky_add_to_cart_mobile":"0","myaccount_before_login_text":"Welcome back! Sign in to your account.","myaccount_before_register_text":"Create new account today to reap the benefits of a personalized shopping experience.","myaccount_register_benefits_title":"Sign up today and you will be able to :","myaccount_register_benefits":["Speed your way through checkout","Track your orders easily","Keep a record of all your purchases"],"dokan_store_list_version":"","dokan_store_list_sidebar":"1","dokan_electro_store_style":"0","dokan_store_version":"store-v1","dokan_store_sidebar":"0","dokan_store_owner_info":"1","dokan_store_top_jumbotron_id":"","header_top_bar_show":"1","header_top_bar_show_mobile":"0","header_enable_topbar_additional_links":"1","header_topbar_additional_links_title":"Two Shops<br>One Shipment","header_topbar_additional_link_1_text":"Electronics","header_topbar_additional_link_1_url":"#","header_topbar_additional_link_1_image":{"url":"https:\/\/electro.madrasthemes.com\/wp-content\/uploads\/2020\/11\/icon-1.png","id":"6057","height":"30","width":"30","thumbnail":"https:\/\/electro.madrasthemes.com\/wp-content\/uploads\/2020\/11\/icon-1.png"},"header_topbar_additional_link_2_text":"Power Tools","header_topbar_additional_link_2_url":"#","header_topbar_additional_link_2_image":{"url":"https:\/\/electro.madrasthemes.com\/wp-content\/uploads\/2020\/11\/icon-2.png","id":"6058","height":"30","width":"30","thumbnail":"https:\/\/electro.madrasthemes.com\/wp-content\/uploads\/2020\/11\/icon-2.png"},"header_show_tooltip":"1","header_icon_tooltip_position":"bottom","header_style":"v3","sticky_header":"0","site_header_logo":{"url":"","id":"","height":"","width":"","thumbnail":""},"off_canvas_nav_in_desktop":"1","header_vertical_menu_title":"All Departments","header_vertical_menu_icon":"fa fa-list-ul","header_departments_menu_title":"Shop By Department","header_v5_departments_menu_title":"All Departments","header_v6_departments_menu_title":"Categories","header_navbar_search_placeholder":"Search for Products","enable_header_navbar_search_dropdown":"1","header_navbar_search_dropdown_categories":"show_only_top_level","header_navbar_search_dropdown_text":"All Categories","header_live_search":"0","header_support_block_show":"1","header_support_number":"<strong>Support<\/strong> (+800) 856 800 604","header_support_email":"Email: info@electro.com","header_cart_icon":"ec ec-shopping-bag","header_cart_dropdown_disable":"0","off_canvas_cart":"0","header_user_account_enable":"1","header_user_account_icon":"ec ec-user","header_user_account_logged_in_menu":"0","show_footer_brands_slider":"1","footer_enable_touch_slider":"0","footer_footer_brands_slider_number":"12","show_footer_widgets":"1","footer_widgets_columns":"4","show_footer_newsletter":"1","footer_newsletter_title":"Sign up to Newsletter","footer_newsletter_marketing_text":"...and receive <strong>$20 coupon for first shopping<\/strong>","footer_newsletter_signup_form":"[wpforms id=\"5461\"]","show_footer_contact_block":"1","show_footer_logo":"1","site_footer_logo":{"url":"","id":"","height":"","width":"","thumbnail":""},"show_footer_call_us":"1","footer_call_us_text":"Got Questions ? Call us 24\/7!","footer_call_us_icon":"ec ec-support","footer_call_us_number":"(800) 8001-8588, (0600) 874 548","show_footer_address":"1","footer_address_title":"Contact Info","footer_address":"17 Princess Road, London, Greater London NW1 8JR, UK","show_footer_social_icons":"1","show_footer_bottom_widgets":"1","footer_bottom_widgets_columns":"3","footer_credit_block_enable":"1","footer_credit":"&copy; <a href=\"https:\/\/demo2.madrasthemes.com\/electro\/\">Electro<\/a> - All Rights Reserved","footer_credit_icons":"6363","enable_mobile_frontpage":"0","mobile_frontpage_id":"","handheld_header_logo":{"url":"","id":"","height":"","width":"","thumbnail":""},"handheld_header_style":"handheld-v2","handheld_header_v2_light_bg":"0","sticky_handheld_header":"0","enable_add_to_cart_mobile":"0","handheld_footer_logo":{"url":"","id":"","height":"","width":"","thumbnail":""},"handheld_footer_style":"v1","handheld_footer_light_bg":"0","show_mobile_footer_bottom_widgets":"1","primary-nav_dropdown_trigger":"hover","secondary-nav_dropdown_trigger":"hover","navbar-primary_dropdown_trigger":"hover","topbar-left_dropdown_trigger":"hover","topbar-right_dropdown_trigger":"hover","header-v9-navbar_dropdown_trigger":"click","blog_view":"blog-default","blog_layout":"right-sidebar","post_placeholder_img":"1","single_post_layout":"right-sidebar","show_blog_post_author_info":"1","facebook":"http:\/\/themeforest.net\/user\/madrasthemes\/portfolio","twitter":"","whatsapp-mobile":"whatsapp:\/\/send?phone=919876543210","whatsapp-desktop":"https:\/\/web.whatsapp.com\/send?phone=919876543210","googleplus":"","pinterest":"http:\/\/themeforest.net\/user\/madrasthemes\/portfolio","linkedin":"http:\/\/themeforest.net\/user\/madrasthemes\/portfolio","tumblr":"","instagram":"http:\/\/themeforest.net\/user\/madrasthemes\/portfolio","tiktok":"","youtube":"http:\/\/themeforest.net\/user\/madrasthemes\/portfolio","vimeo":"","dribbble":"","stumbleupon":"","soundcloud":"","vine":"","vk":"","telegram":"","show_footer_rss_icon":"1","use_predefined_color":"1","main_color":"yellow","custom_primary_color":"#0787ea","custom_primary_text_color":"#ffffff","include_custom_color":"1","use_predefined_font":"1","electro_title_font":{"font-family":"Oswald","font-options":"","google":"1","font-weight":"","font-style":"","subsets":"latin"},"electro_content_font":{"font-family":"Open Sans","font-options":"","google":"1","subsets":"latin"},"redux-backup":1}